图片序号,图片地址
0,//pic.qiushibaike.com/system/pictures/12353/123535695/medium/BDOOZ5QOSYGZXEHE.jpg
1,//pic.qiushibaike.com/system/pictures/12339/123396634/medium/TOPNRG3XSI0J8TPA.jpg
2,//pic.qiushibaike.com/system/pictures/12357/123576281/medium/LXJ2RQLUYBTMJAHC.jpg
3,//pic.qiushibaike.com/system/pictures/12357/123575597/medium/OE9RW2BX09291BBP.jpg
4,//pic.qiushibaike.com/system/pictures/12358/123581583/medium/RTFAXENRL6WWQGNM.jpg
5,//pic.qiushibaike.com/system/pictures/12349/123492067/medium/35EMF65AQR3IH7D8.jpg
6,//pic.qiushibaike.com/system/pictures/12351/123512267/medium/M3VA2GKCN95ZHY0L.jpg
7,//pic.qiushibaike.com/system/pictures/12357/123579147/medium/WTGFZAH4THGD19DZ.jpg
8,//pic.qiushibaike.com/system/pictures/12357/123575774/medium/E15YX7B5ULXH5C2Q.jpg
9,//pic.qiushibaike.com/system/pictures/12357/123576521/medium/9C2P4339C5YODYOE.jpg
10,//pic.qiushibaike.com/system/pictures/12336/123362060/medium/NQL0YEXFS7Q7Y37G.jpg
11,//pic.qiushibaike.com/system/pictures/12354/123548479/medium/6JN0THOV79W17HZ9.jpg
12,//pic.qiushibaike.com/system/pictures/12357/123575161/medium/OQPT0XYRP5U1IJNZ.jpg
13,//pic.qiushibaike.com/system/pictures/12357/123570892/medium/072NZ53KNE6I1KQC.jpg
14,//pic.qiushibaike.com/system/pictures/12357/123573328/medium/TMO2WBAEPHP4683O.jpg
15,//pic.qiushibaike.com/system/pictures/12340/123405941/medium/Q9V0QNVELILKDI91.jpg
16,//pic.qiushibaike.com/system/pictures/12336/123366848/medium/TQHQMZYBSTHN80T2.jpg
17,//pic.qiushibaike.com/system/pictures/12357/123579848/medium/PSC1I57H36NCPGYH.jpg
18,//pic.qiushibaike.com/system/pictures/12357/123576199/medium/ZEW768JEN6YXTVGV.jpg
19,//pic.qiushibaike.com/system/pictures/12356/123569985/medium/Z83ZIT9V1VN8MKZA.jpg
20,//pic.qiushibaike.com/system/pictures/12338/123385510/medium/JEJOOG7URR33X7GM.jpg
21,//pic.qiushibaike.com/system/pictures/12340/123408823/medium/Q9VOQ88O4QBOE6QO.jpg
22,//pic.qiushibaike.com/system/pictures/12357/123576151/medium/KDLMGV1JA9IA81L8.jpg
23,//pic.qiushibaike.com/system/pictures/12357/123571104/medium/LCDNESFPY3PLNZ6M.jpg
24,//pic.qiushibaike.com/system/pictures/12356/123567782/medium/Z1F42Y4YHD717PT7.jpg
